"Story","Title","Result","Date","Stability","Duration (s)"
"Buscar hotel","Validacion de borrado de mensaje de error en formulario de viajeros al retirar un joven viajero","SUCCESS","2021-05-29T22:54:30.457-05:00[America/Bogota]","0.0","27.33"
"Buscar hotel","Busqueda de hotel sin destino","SUCCESS","2021-05-29T22:54:58.492-05:00[America/Bogota]","0.0","13.19"
"Buscar hotel","Validacion de mensaje de error cuando hay jovenes viajeros","SUCCESS","2021-05-29T22:55:12.384-05:00[America/Bogota]","0.0","13.36"
"Buscar hotel","Busqueda de hotel con check-in, check-out y viajeros","SUCCESS","2021-05-29T22:55:26.463-05:00[America/Bogota]","0.0","50.51"
"Buscar hotel","Busqueda de hotel basica","SUCCESS","2021-05-29T22:56:16.974-05:00[America/Bogota]","0.0","22.06"
