{"name":"Busqueda de hotel basica","id":"buscar-hotel;busqueda-de-hotel-basica","testSteps":[{"number":1,"description":"Example: {Destino\u003dBogotá}","duration":21424,"startTime":"2021-05-29T22:56:16.974-05:00[America/Bogota]","screenshots":[{"screenshot":"ea9ac368073a09b25e36f007801f32a0c7cc3e5f13562ff87977e92a823001f4.png","timeStamp":1622346998398}],"result":"SUCCESS","precondition":false,"level":0,"children":[{"number":2,"description":"Dado que ingreso al portal travelocity.com","duration":11747,"startTime":"2021-05-29T22:56:16.989-05:00[America/Bogota]","screenshots":[{"screenshot":"d360288dbff55dc6f983d3755228ea4c8bbb8da8a69bb709d05d38250274d967.png","timeStamp":1622346988736}],"result":"SUCCESS","precondition":false,"level":1,"children":[{"number":3,"description":"El usuario opens the https://www.travelocity.com/","duration":11740,"startTime":"2021-05-29T22:56:16.989-05:00[America/Bogota]","screenshots":[{"screenshot":"d360288dbff55dc6f983d3755228ea4c8bbb8da8a69bb709d05d38250274d967.png","timeStamp":1622346988729}],"result":"SUCCESS","precondition":false,"level":2}]},{"number":4,"description":"Cuando ingreso el destino \"Bogotá\"","duration":1401,"startTime":"2021-05-29T22:56:28.736-05:00[America/Bogota]","screenshots":[{"screenshot":"d360288dbff55dc6f983d3755228ea4c8bbb8da8a69bb709d05d38250274d967.png","timeStamp":1622346988742},{"screenshot":"2bb123f20325ccc795c12c5206c5c95f20d7989e2b88041cfa41072cb258d3a6.png","timeStamp":1622346990137}],"result":"SUCCESS","precondition":false,"level":1,"children":[{"number":5,"description":"El usuario selecciona un destino de hoteleria","duration":1383,"startTime":"2021-05-29T22:56:28.746-05:00[America/Bogota]","screenshots":[{"screenshot":"d360288dbff55dc6f983d3755228ea4c8bbb8da8a69bb709d05d38250274d967.png","timeStamp":1622346988754},{"screenshot":"2bb123f20325ccc795c12c5206c5c95f20d7989e2b88041cfa41072cb258d3a6.png","timeStamp":1622346990129}],"result":"SUCCESS","precondition":false,"level":2,"children":[{"number":6,"description":"El usuario clicks on Boton Going to","duration":510,"startTime":"2021-05-29T22:56:28.755-05:00[America/Bogota]","screenshots":[{"screenshot":"d360288dbff55dc6f983d3755228ea4c8bbb8da8a69bb709d05d38250274d967.png","timeStamp":1622346988765},{"screenshot":"cd769c7563c87614c1dd2f95b504b004df85be8b5072268927e9465b68c9d3b6.png","timeStamp":1622346989254},{"screenshot":"cd769c7563c87614c1dd2f95b504b004df85be8b5072268927e9465b68c9d3b6.png","timeStamp":1622346989265}],"result":"SUCCESS","precondition":false,"level":3},{"number":7,"description":"El usuario enters \u0027Bogotá\u0027 into Campo Destino","duration":537,"startTime":"2021-05-29T22:56:29.266-05:00[America/Bogota]","screenshots":[{"screenshot":"cd769c7563c87614c1dd2f95b504b004df85be8b5072268927e9465b68c9d3b6.png","timeStamp":1622346989278},{"screenshot":"44a4854b6a9a89973220a57890aef3029c8f680158e7e1f5c9aa41f10b10bca7.png","timeStamp":1622346989793},{"screenshot":"44a4854b6a9a89973220a57890aef3029c8f680158e7e1f5c9aa41f10b10bca7.png","timeStamp":1622346989803}],"result":"SUCCESS","precondition":false,"level":3},{"number":8,"description":"El usuario types \u0027ENTER\u0027 in Campo Destino","duration":318,"startTime":"2021-05-29T22:56:29.803-05:00[America/Bogota]","screenshots":[{"screenshot":"44a4854b6a9a89973220a57890aef3029c8f680158e7e1f5c9aa41f10b10bca7.png","timeStamp":1622346989811},{"screenshot":"2bb123f20325ccc795c12c5206c5c95f20d7989e2b88041cfa41072cb258d3a6.png","timeStamp":1622346990121}],"result":"SUCCESS","precondition":false,"level":3}]}]},{"number":9,"description":"Y ejecuto la busqueda","duration":7933,"startTime":"2021-05-29T22:56:30.137-05:00[America/Bogota]","screenshots":[{"screenshot":"2bb123f20325ccc795c12c5206c5c95f20d7989e2b88041cfa41072cb258d3a6.png","timeStamp":1622346990145},{"screenshot":"ea9ac368073a09b25e36f007801f32a0c7cc3e5f13562ff87977e92a823001f4.png","timeStamp":1622346998070}],"result":"SUCCESS","precondition":false,"level":1,"children":[{"number":10,"description":"El usuario clicks on Boton Buscar Hotel","duration":7914,"startTime":"2021-05-29T22:56:30.146-05:00[America/Bogota]","screenshots":[{"screenshot":"2bb123f20325ccc795c12c5206c5c95f20d7989e2b88041cfa41072cb258d3a6.png","timeStamp":1622346990154},{"screenshot":"ea9ac368073a09b25e36f007801f32a0c7cc3e5f13562ff87977e92a823001f4.png","timeStamp":1622346998050},{"screenshot":"ea9ac368073a09b25e36f007801f32a0c7cc3e5f13562ff87977e92a823001f4.png","timeStamp":1622346998060}],"result":"SUCCESS","precondition":false,"level":2}]},{"number":11,"description":"Entonces deberia ver al menos un hotel de resultado en \"Bogotá\"","duration":320,"startTime":"2021-05-29T22:56:38.071-05:00[America/Bogota]","screenshots":[{"screenshot":"ea9ac368073a09b25e36f007801f32a0c7cc3e5f13562ff87977e92a823001f4.png","timeStamp":1622346998081},{"screenshot":"ea9ac368073a09b25e36f007801f32a0c7cc3e5f13562ff87977e92a823001f4.png","timeStamp":1622346998391}],"result":"SUCCESS","precondition":false,"level":1,"children":[{"number":12,"description":"Then la ubicacion del hotel should be (true)","duration":301,"startTime":"2021-05-29T22:56:38.082-05:00[America/Bogota]","screenshots":[{"screenshot":"ea9ac368073a09b25e36f007801f32a0c7cc3e5f13562ff87977e92a823001f4.png","timeStamp":1622346998092},{"screenshot":"ea9ac368073a09b25e36f007801f32a0c7cc3e5f13562ff87977e92a823001f4.png","timeStamp":1622346998383}],"result":"SUCCESS","precondition":false,"level":2}]}]}],"userStory":{"id":"buscar-hotel","storyName":"Buscar hotel","path":"src/test/resources/features/BuscarHotel.feature","narrative":"  Como usuario dentro del portal travelocity,\n  quiero poder buscar hoteles,\n  para recibir sugerencias de donde quedarme","type":"feature"},"featureTag":{"name":"Features/Buscar hotel","type":"feature","displayName":"Features/Buscar hotel"},"title":"Busqueda de hotel basica","backgroundTitle":"","backgroundDescription":"","tags":[{"name":"Buscar hotel","type":"feature","displayName":"Buscar hotel"}],"startTime":"2021-05-29T22:56:16.974-05:00[America/Bogota]","duration":22055,"projectKey":"","isManualTestingUpToDate":false,"dataTable":{"headers":["Destino"],"rows":[{"values":["Bogotá"],"result":"SUCCESS"}],"predefinedRows":true,"scenarioOutline":"Cuando ingreso el destino \"\u003cDestino\u003e\"\n\rY ejecuto la busqueda\n\rEntonces deberia ver al menos un hotel de resultado en \"\u003cDestino\u003e\"\n\r","dataSetDescriptors":[{"startRow":0,"rowCount":0,"name":""}]},"manual":false,"testSource":"Cucumber","actors":[{"name":"El usuario","can":["browse the web"]}],"result":"SUCCESS","scenarioOutline":"Cuando ingreso el destino \"\u003cDestino\u003e\"\r\nY ejecuto la busqueda\r\nEntonces deberia ver al menos un hotel de resultado en \"\u003cDestino\u003e\""}